{
	"IcoMoonType": "selection",
	"icons": [
		{
			"icon": {
				"paths": [
					"M14.594 11.236h997.238v997.241h-997.238z",
					"M1013.692-0.128c-2.773 0.084-5.252 1.273-7.023 3.137l-1003.701 1003.759c-1.826 1.822-2.956 4.34-2.956 7.12 0 5.561 4.518 10.070 10.091 10.070 2.787 0 5.309-1.127 7.136-2.949l1003.798-1003.86c1.888-1.831 3.060-4.389 3.060-7.22 0-5.557-4.515-10.062-10.084-10.062-0.113 0-0.226 0.002-0.338 0.006z",
					"M951.176 460.628h-268.265l-0 59.329h268.265v-59.329z",
					"M952.639 681.844h-526.881v36.747h526.881l-0-36.747z",
					"M793.779 81.715h-268.265l-0 57.064h268.265v-57.064z",
					"M341.313 462.894h-268.265l-0 57.064h268.265v-57.064z",
					"M598.45 277.664h-526.881v36.747h526.881l-0-36.747z",
					"M532.858 866.619h-268.265l-0 57.064h268.265v-57.064z"
				],
				"attrs": [
					{
						"fill": "rgb(0, 0, 0)"
					},
					{
						"fill": "rgb(255, 255, 255)"
					},
					{
						"fill": "rgb(255, 255, 255)"
					},
					{
						"fill": "rgb(255, 255, 255)"
					},
					{
						"fill": "rgb(255, 255, 255)"
					},
					{
						"fill": "rgb(255, 255, 255)"
					},
					{
						"fill": "rgb(255, 255, 255)"
					},
					{
						"fill": "rgb(255, 255, 255)"
					}
				],
				"isMulticolor": true,
				"grid": 0,
				"tags": [
					"hrp2"
				],
				"colorPermutations": {
					"6868681": []
				}
			},
			"attrs": [
				{
					"fill": "rgb(0, 0, 0)"
				},
				{
					"fill": "rgb(255, 255, 255)"
				},
				{
					"fill": "rgb(255, 255, 255)"
				},
				{
					"fill": "rgb(255, 255, 255)"
				},
				{
					"fill": "rgb(255, 255, 255)"
				},
				{
					"fill": "rgb(255, 255, 255)"
				},
				{
					"fill": "rgb(255, 255, 255)"
				},
				{
					"fill": "rgb(255, 255, 255)"
				}
			],
			"properties": {
				"order": 2,
				"id": 8,
				"prevSize": 64,
				"code": 58880,
				"codes": [
					58880,
					58881,
					58882,
					58883,
					58884,
					58885,
					58886,
					58887
				],
				"name": "hrp"
			},
			"setIdx": 0,
			"setId": 4,
			"iconIdx": 0
		},
		{
			"icon": {
				"paths": [
					"M14.596 10.963h997.233v997.516h-997.233z",
					"M79.152 432.161v382.323h58l-0.075-382.249-57.925-0.074z",
					"M306.529 119.81v402.512l48-0.079v-402.353l-48-0.079z",
					"M554.34 58.266v275.423h68l-0.088-275.369-67.912-0.053z",
					"M878.022 323.337v278.781h68l-0.088-278.727-67.912-0.054z",
					"M670.916 500.904v400l48-0.079v-399.842l-48-0.079z",
					"M372.972 707.691v256h68l-0.088-255.95-67.912-0.050z",
					"M1009.327 5.449l12.228 9.934c0.032 0.026-0.858 0.962-1.989 2.090l-996.362 993.935c-1.131 1.128-2.074 2.022-2.106 1.995l-12.228-9.934c-0.032-0.026 0.858-0.962 1.989-2.090l996.362-993.935c1.131-1.128 2.074-2.022 2.106-1.995z"
				],
				"attrs": [
					{
						"fill": "rgb(0, 0, 0)"
					},
					{
						"fill": "rgb(255, 255, 255)"
					},
					{
						"fill": "rgb(255, 255, 255)"
					},
					{
						"fill": "rgb(255, 255, 255)"
					},
					{
						"fill": "rgb(255, 255, 255)"
					},
					{
						"fill": "rgb(255, 255, 255)"
					},
					{
						"fill": "rgb(255, 255, 255)"
					},
					{
						"fill": "rgb(255, 255, 255)"
					}
				],
				"isMulticolor": true,
				"grid": 0,
				"tags": [
					"vrp"
				],
				"colorPermutations": {
					"6868681": []
				}
			},
			"attrs": [
				{
					"fill": "rgb(0, 0, 0)"
				},
				{
					"fill": "rgb(255, 255, 255)"
				},
				{
					"fill": "rgb(255, 255, 255)"
				},
				{
					"fill": "rgb(255, 255, 255)"
				},
				{
					"fill": "rgb(255, 255, 255)"
				},
				{
					"fill": "rgb(255, 255, 255)"
				},
				{
					"fill": "rgb(255, 255, 255)"
				},
				{
					"fill": "rgb(255, 255, 255)"
				}
			],
			"properties": {
				"order": 3,
				"id": 7,
				"prevSize": 64,
				"code": 58888,
				"codes": [
					58888,
					58889,
					58890,
					58891,
					58892,
					58893,
					58894,
					58895
				],
				"name": "vrp"
			},
			"setIdx": 0,
			"setId": 4,
			"iconIdx": 1
		},
		{
			"icon": {
				"paths": [
					"M14.58 11.368h997.154v997.152h-997.154z",
					"M1013.594 0.005c-2.772 0.084-5.251 1.273-7.022 3.137l-1003.616 1003.669c-1.826 1.822-2.955 4.339-2.955 7.12 0 5.561 4.518 10.069 10.090 10.069 2.786 0 5.309-1.127 7.135-2.949l1003.714-1003.77c1.888-1.831 3.060-4.388 3.060-7.219 0-5.557-4.514-10.061-10.083-10.061-0.113 0-0.226 0.002-0.338 0.006z",
					"M350.203 112.367l-270.245 270.245 40.39 40.39 270.14-270.245-40.285-40.39z",
					"M311.072 444.298l-265.944 265.943 28.535 28.43 265.839-265.839-28.43-28.535z",
					"M706.683 42.183l-271.294 271.294 28.535 28.535 271.294-271.294-28.535-28.535z",
					"M556.559 681.287l-269.091 269.091 28.535 28.535 269.091-269.196-28.535-28.43z",
					"M944.722 284.522l-266.993 266.993 28.535 28.535 266.993-266.993-28.535-28.535z",
					"M898.246 602.455l-268.559 267.697 42.691 42.82 268.454-267.699-42.587-42.818z"
				],
				"attrs": [
					{
						"fill": "rgb(0, 0, 0)"
					},
					{
						"fill": "rgb(255, 255, 255)"
					},
					{
						"fill": "rgb(255, 255, 255)"
					},
					{
						"fill": "rgb(255, 255, 255)"
					},
					{
						"fill": "rgb(255, 255, 255)"
					},
					{
						"fill": "rgb(255, 255, 255)"
					},
					{
						"fill": "rgb(255, 255, 255)"
					},
					{
						"fill": "rgb(255, 255, 255)"
					}
				],
				"isMulticolor": true,
				"grid": 0,
				"tags": [
					"drp2"
				],
				"colorPermutations": {
					"6868681": []
				}
			},
			"attrs": [
				{
					"fill": "rgb(0, 0, 0)"
				},
				{
					"fill": "rgb(255, 255, 255)"
				},
				{
					"fill": "rgb(255, 255, 255)"
				},
				{
					"fill": "rgb(255, 255, 255)"
				},
				{
					"fill": "rgb(255, 255, 255)"
				},
				{
					"fill": "rgb(255, 255, 255)"
				},
				{
					"fill": "rgb(255, 255, 255)"
				},
				{
					"fill": "rgb(255, 255, 255)"
				}
			],
			"properties": {
				"order": 4,
				"id": 6,
				"prevSize": 64,
				"code": 58896,
				"codes": [
					58896,
					58897,
					58898,
					58899,
					58900,
					58901,
					58902,
					58903
				],
				"name": "drp"
			},
			"setIdx": 0,
			"setId": 4,
			"iconIdx": 2
		}
	],
	"height": 1024,
	"metadata": {
		"name": "icomoon"
	},
	"preferences": {
		"showGlyphs": true,
		"showQuickUse": true,
		"showQuickUse2": true,
		"showSVGs": true,
		"fontPref": {
			"prefix": "icon-",
			"metadata": {
				"fontFamily": "icomoon"
			},
			"metrics": {
				"emSize": 1024,
				"baseline": 6.25,
				"whitespace": 50
			}
		},
		"imagePref": {
			"prefix": "icon-",
			"png": true,
			"useClassSelector": true,
			"color": 4473924,
			"bgColor": 16777215,
			"classSelector": ".icon"
		},
		"historySize": 100,
		"showCodes": true,
		"gridSize": 16
	}
}